"client_name","email","address","zillow_address","zillow_estimated_price","zipcode","property_url","comment"
"TOBIAS SCHOENWANDT","TOBIASBSCH@GMAIL.COM","1120 N WOODBINE AVE PENN VALLEY PENNSYLVANIA 19072","1120 N Woodbine Ave",1010400,"19072","https://www.zillow.com/homedetails/1120-N-Woodbine-Ave-Penn-Valley-PA-19072/9969741_zpid/",""
"LORRAINE SHAYS","LSHAYS@MSN.COM","14659 CANALVIEW DRIVE  APT A DELRAY BEACH FLORIDA 33484","14659 Canalview Dr APT A",163000,"33484","https://www.zillow.com/homedetails/14659-Canalview-Dr-APT-A-Delray-Beach-FL-33484/46606122_zpid/",""
"ROMEO ROCHA","RROCHA123@HOTMAIL.COM","13619 SHAFFER CT SE ALBUQUERQUE NEW MEXICO 87123","13623 Shaffer Ct SE",267100,"87123","https://www.zillow.com/homedetails/13623-Shaffer-Ct-SE-Albuquerque-NM-87123/81836084_zpid/",""
"CHRISTINE DESPARTE","DANCEBRATS@GMAIL.COM","82301 N HARRINGTON RD WEST RICHLAND WASHINGTON 99353","82301 N Harrington Rd",499000,"99353","https://www.zillow.com/homedetails/82301-N-Harrington-Rd-West-Richland-WA-99353/120152327_zpid/",""
"FRANCES MARTINEZ","FRANS4BIZ@GMAIL.COM","1827 REX STREET LANSING MICHIGAN 48910","1827 Rex St",147400,"48910","https://www.zillow.com/homedetails/1827-Rex-St-Lansing-MI-48910/74019262_zpid/",""
"David Krass","dave@krasmo.com","325 Crestdale Way Klamath Falls Oregon 97603","325 Crestdale Way",426400,"97603","https://www.zillow.com/homedetails/325-Crestdale-Way-Klamath-Falls-OR-97603/75162341_zpid/",""
"DOUG HANSEN","DHA885@GMAIL.COM","9130 HWY ZZ CUBA MISSOURI 65453","Highway Zz",302800,"65453","https://www.zillow.com/homedetails/Highway-Zz-Cuba-MO-65453/306924694_zpid/",""
"LAYNE HARMS","LHARMS@BELLSOUTH.NET","PO BOX 547 JENKINS KENTUCKY 415370547","","","","","No Zillow link found via Google Search"
"LARRY LEWIS","LEWMAR47@HOTMAIL.COM","34268 DENFIELD RD LUCAN ONTARIO N0M 2J0","","","","","Error: Request failed with status code 500"
"KIM STUDER","KSTUDER@COX.NET","13645 CUESTA DEL SOL LAKESIDE CALIFORNIA 92040","13645 Cuesta Del Sol",1029100,"92040","https://www.zillow.com/homedetails/13645-Cuesta-Del-Sol-Lakeside-CA-92040/16899619_zpid/",""
"HARSHAD VYAS","HVYAS626@AOL.COM","416 SO CHAPEL AV ALHAMBRA CALIFORNIA 91801","416 S Chapel Ave",729500,"91801","https://www.zillow.com/homedetails/416-S-Chapel-Ave-Alhambra-CA-91801/20709153_zpid/",""
"MOSHE AMIR","MYMONEY329@GMAIL.COM","2301 REDWOOD STREET LAS VEGAS NEVADA 89146","2301 Redwood St",221800,"89146","https://www.zillow.com/homedetails/2301-Redwood-St-Las-Vegas-NV-89146/7105776_zpid/",""
"PREKIMI TAWARI","TAWATECH05@VERIZON.NET","42667 FREEDOM STREET SOUTH RIDING VIRGINIA 20152","42667 Freedom St",1049500,"20152","https://www.zillow.com/homedetails/42667-Freedom-St-Chantilly-VA-20152/59797514_zpid/",""
"RUBYANN POULSON","RPOULSON@BETHEL.EDU","2127 OAKWOOD DR ST PAUL MINNESOTA 55112","2127 Oakwood Dr",309600,"55112","https://www.zillow.com/homedetails/2127-Oakwood-Dr-Mounds-View-MN-55112/2050650_zpid/",""
"LIUCIJA KAZLAUSKIENE","LIUCIJALT@GMAIL.COM","8515 NORMANDY AVE BURBANK IL 60459","8515 Normandy Ave",305700,"60459","https://www.zillow.com/homedetails/8515-Normandy-Ave-Burbank-IL-60459/3966857_zpid/",""
"MICHAEL CAMPBELL","MDC65A@GMAIL.COM","13949 DERBY DRIVE ORLAND PARK ILLINOIS 60467","13949 S Derby Dr",500800,"60467","https://www.zillow.com/homedetails/13949-S-Derby-Dr-Orland-Park-IL-60467/5425666_zpid/",""
"KIM BENTZEL","KBENTZEL@AOL.COM","1750 BARON DRIVE YORK PENNSYLVANIA 17408","1750 Baron Dr",133800,"17408","https://www.zillow.com/homedetails/1750-Baron-Dr-York-PA-17408/60482658_zpid/",""
"MICKEY JONES","MICKEYFAY17@GMAIL.COM","370 TEEL CIRCLE FORTSON GEORGIA 31808","370 Teel Cir",406200,"31808","https://www.zillow.com/homedetails/370-Teel-Cir-Fortson-GA-31808/105284622_zpid/",""
"GREGORY STEWART","GREGASTEW@YAHOO.COM","433 WORTMAN AVE BROOKLYN NEW YORK 11208","433 Wortman Ave",819000,"11208","https://www.zillow.com/homedetails/433-Wortman-Ave-Brooklyn-NY-11208/55677310_zpid/",""
"JAMES JOHNSON","JIMJ4645@HOTMAIL.COM","743 MELODY DR NORTHGLENN COLORADO 802605563","743 Melody Dr",487300,"80260","https://www.zillow.com/homedetails/743-Melody-Dr-Northglenn-CO-80260/12974419_zpid/",""
